Antony;1;Antony;92160;107 AV ARISTIDE BRIAND;https://www.google.com/maps/embed?pb=!1m18!1m12!1m3!1d2630.1262804923444!2d2.3052057158346995!3d48.76038471555609!2m3!1f0!2f0!3f0!3m2!1i1024!2i768!4f13.1!3m3!1m2!1s0x47e67723e8d1a58b%3A0x385cf3dd7eda0484!2sAvis%20Location%20Voiture%20-%20Antony!5e0!3m2!1sfr!2sfr!4v1660225827892!5m2!1sfr!2sfr
Auxerre;3;Auxerre;89000;3 RUE PAUL DAUMER;https://www.google.com/maps/embed?pb=!1m18!1m12!1m3!1d1193.712577895466!2d3.5813911055537933!3d47.80482777990863!2m3!1f0!2f0!3f0!3m2!1i1024!2i768!4f13.1!3m3!1m2!1s0x47ee48cd80853031%3A0xb157ec4860237dd6!2sPremium%20II%20Automobiles!5e0!3m2!1sfr!2sfr!4v1660228747158!5m2!1sfr!2sfr
Blois;5;Blois;41000;58-60 AV DE VENDOME;https://www.google.com/maps/embed?pb=!1m14!1m8!1m3!1d10761.690760138716!2d1.3221245!3d47.5984701!3m2!1i1024!2i768!4f13.1!3m3!1m2!1s0x0%3A0xd40b001025b9757d!2sAvis%20Location%20Voiture%20-%20Blois!5e0!3m2!1sfr!2sfr!4v1660225787037!5m2!1sfr!2sfr
Bourges;5;Bourges;18000;11 CHEMIN DE LA PRAIRIE;https://www.google.com/maps/embed?pb=!1m18!1m12!1m3!1d2716.5273926451546!2d2.380801415790816!3d47.08873083160067!2m3!1f0!2f0!3f0!3m2!1i1024!2i768!4f13.1!3m3!1m2!1s0x47fa95e005588c15%3A0xda060c25bdf9ccdb!2sAvis%20Location%20Voiture%20-%20Gare%20Bourges!5e0!3m2!1sfr!2sfr!4v1660228277872!5m2!1sfr!2sfr
Chartres;5;Chartres;28000;9 RUE CHARLES COULOMBS;https://www.google.com/maps/embed?pb=!1m18!1m12!1m3!1d2669.21056519626!2d2.7376476158147987!3d48.0096416680415!2m3!1f0!2f0!3f0!3m2!1i1024!2i768!4f13.1!3m3!1m2!1s0x47ef807edbe8a2c3%3A0xd57e0e87dd66f53d!2sAvis%20Location%20Voiture%20-%20Montargis!5e0!3m2!1sfr!2sfr!4v1660228392186!5m2!1sfr!2sfr
Chateaudun;3;Chateaudun;28200;24 RUE DU VAL SAINT AIGNAN;https://www.google.com/maps/embed?pb=!1m18!1m12!1m3!1d10586.818217087683!2d1.491967593911268!3d48.44300990228605!2m3!1f0!2f0!3f0!3m2!1i1024!2i768!4f13.1!3m3!1m2!1s0x47e40c40b55f9d3f%3A0x6b030cec48936014!2sAvis%20Location%20Voiture%20-%20Chartres!5e0!3m2!1sfr!2sfr!4v1660228484060!5m2!1sfr!2sfr
Chateauroux;3;Chateauroux;36000;25 RUE ROBERT MALLET_STEVENS;https://www.google.com/maps/embed?pb=!1m18!1m12!1m3!1d2666.1990024891975!2d1.3238419174438476!3d48.06780159999998!2m3!1f0!2f0!3f0!3m2!1i1024!2i768!4f13.1!3m3!1m2!1s0x47e37f8b7ef1bc13%3A0x5e58a428fda17609!2sAvis%20Location%20Voiture%20-%20Ch%C3%A2teaudun!5e0!3m2!1sfr!2sfr!4v1660228951627!5m2!1sfr!2sfr
Clermont-Ferrand;5;Clermont-Ferrand;63100;3 RUE BERNARD PALISSY;https://www.google.com/maps/embed?pb=!1m18!1m12!1m3!1d542.0305768451586!2d1.7066117206503102!3d46.7912521!2m3!1f0!2f0!3f0!3m2!1i1024!2i768!4f13.1!3m3!1m2!1s0x47fba75491498d6d%3A0x8010b7418cac1e89!2sAvis%20Location%20Voiture%20-%20Ch%C3%A2teauroux!5e0!3m2!1sfr!2sfr!4v1660229057980!5m2!1sfr!2sfr
Clermont-Ferrand Gare;1;Clermont-Ferrand;63100;PARKING SNCF, RUE PIERRE SEMARD;https://www.google.com/maps/embed?pb=!1m18!1m12!1m3!1d11129.446186970064!2d3.109589142808967!3d45.78398402958075!2m3!1f0!2f0!3f0!3m2!1i1024!2i768!4f13.1!3m3!1m2!1s0x47f71bf97c6dd0f1%3A0x2d3d4617f388d13d!2sAvis%20Location%20Voiture%20-%20Gare%20Clermont%20Ferrand!5e0!3m2!1sfr!2sfr!4v1660918847276!5m2!1sfr!2sfr
Dreux;5;Dreux;28100;3 RUE DES LIVRAINDIERES;https://www.google.com/maps/embed?pb=!1m18!1m12!1m3!1d11129.446186970064!2d3.109589142808967!3d45.78398402958075!2m3!1f0!2f0!3f0!3m2!1i1024!2i768!4f13.1!3m3!1m2!1s0x47f71ecd5a855f51%3A0xb23c1fe0daa6b539!2sAvis%20Clermont-Ferrand!5e0!3m2!1sfr!2sfr!4v1660229182557!5m2!1sfr!2sfr
Etampes;1;Etampes;91150;10 RUE DE LA FERTE ALAIS;https://www.google.com/maps/embed?pb=!1m18!1m12!1m3!1d2630.7422551791515!2d1.349974015834392!3d48.74862011638319!2m3!1f0!2f0!3f0!3m2!1i1024!2i768!4f13.1!3m3!1m2!1s0x47e1551cf9b30725%3A0x2fefeb2985bb8871!2sAvis%20Location%20Voiture%20-%20Dreux!5e0!3m2!1sfr!2sfr!4v1660229228800!5m2!1sfr!2sfr
Gien;3;Gien;45500;44 ROUTE DE SAINT MARTIN;https://www.google.com/maps/embed?pb=!1m18!1m12!1m3!1d2647.224403785688!2d2.178154015825988!3d48.43303273851526!2m3!1f0!2f0!3f0!3m2!1i1024!2i768!4f13.1!3m3!1m2!1s0x47e5c91477887e63%3A0x8089acf55f46fb5!2sAvis%20Location%20Voiture%20-%20Etampes!5e0!3m2!1sfr!2sfr!4v1660229250944!5m2!1sfr!2sfr
Issoudun;3;Issoudun;36100;AV JEAN BONNEFONT;https://www.google.com/maps/embed?pb=!1m18!1m12!1m3!1d21390.83503836323!2d1.8829539852972077!3d47.9198550299378!2m3!1f0!2f0!3f0!3m2!1i1024!2i768!4f13.1!3m3!1m2!1s0x47e4fae3e8790dc5%3A0xb0945796b21b8f60!2sAvis%20Location%20Voiture%20-%20Orl%C3%A9ans!5e0!3m2!1sfr!2sfr!4v1660229285805!5m2!1sfr!2sfr
Massy;1;Massy;91300;38 AV CARNOT;https://www.google.com/maps/embed?pb=!1m18!1m12!1m3!1d2723.017048869827!2d1.9979128157875519!3d46.96135504031955!2m3!1f0!2f0!3f0!3m2!1i1024!2i768!4f13.1!3m3!1m2!1s0x47fafd2e866edb7f%3A0xfe01b3db4b1d3578!2sAvis%20Location%20Voiture%20-%20Issoudun!5e0!3m2!1sfr!2sfr!4v1660229942896!5m2!1sfr!2sfr
Montargis;1;Montargis;45120;47 AV DU GAL LECLERC;https://www.google.com/maps/embed?pb=!1m18!1m12!1m3!1d10614.007541773512!2d4.004586139550778!3d48.3124308!2m3!1f0!2f0!3f0!3m2!1i1024!2i768!4f13.1!3m3!1m2!1s0x47ee9850918b387b%3A0x14f75e02d20e9f29!2sAvis%20location!5e0!3m2!1sfr!2sfr!4v1660229977322!5m2!1sfr!2sfr
Montgeron;3;Montgeron;91230;MF LOCATION 2 ROUTE DE CORBEIL;https://www.google.com/maps/embed?pb=!1m18!1m12!1m3!1d2631.93447919362!2d2.258931915833798!3d48.72584361798404!2m3!1f0!2f0!3f0!3m2!1i1024!2i768!4f13.1!3m3!1m2!1s0x47e67824389839c9%3A0x3c13bfdf9afd4d40!2sAvis%20Location%20Voiture%20-%20Massy!5e0!3m2!1sfr!2sfr!4v1660229996860!5m2!1sfr!2sfr
Montluçon;3;Montluçon;3100;8 AVENUE JULES FERRY;https://www.google.com/maps/embed?pb=!1m18!1m12!1m3!1d2632.4841811709794!2d2.441070515833483!3d48.71533931872214!2m3!1f0!2f0!3f0!3m2!1i1024!2i768!4f13.1!3m3!1m2!1s0x47e675351bd341a3%3A0x62650ea309fbeba0!2sMF%20Location!5e0!3m2!1sfr!2sfr!4v1660230031585!5m2!1sfr!2sfr
Moulins;3;Moulins;3000;GARAGE CHAPOTOT 16 RUE VALERY LARBAUD;https://www.google.com/maps/embed?pb=!1m18!1m12!1m3!1d795.4053763704869!2d2.5911544755858036!3d46.35332531107075!2m3!1f0!2f0!3f0!3m2!1i1024!2i768!4f13.1!3m3!1m2!1s0x47f0a7928a7406ff%3A0xddab436327e30acd!2sRENAULT%20MONTLU%C3%87ON%20-%20DIAM%20-%20GROUPE%20SIMONNEAU!5e0!3m2!1sfr!2sfr!4v1660230123739!5m2!1sfr!2sfr
Nevers;1;Nevers;58000;5 BIS RUE DE LA PASSIERE;https://www.google.com/maps/embed?pb=!1m18!1m12!1m3!1d2721.650571287772!2d3.148636565788274!3d46.988197538483725!2m3!1f0!2f0!3f0!3m2!1i1024!2i768!4f13.1!3m3!1m2!1s0x47f04589a602f317%3A0x4d3ae236426e6a7b!2sAvis%20Location%20voiture!5e0!3m2!1sfr!2sfr!4v1660230155106!5m2!1sfr!2sfr
Nogent Le Rotrou;3;Nogent Le Rotrou;28400;42 AV DE PARIS - MARGON;https://www.google.com/maps/embed?pb=!1m18!1m12!1m3!1d2652.6626335340984!2d0.824891715823219!3d48.328567445818024!2m3!1f0!2f0!3f0!3m2!1i1024!2i768!4f13.1!3m3!1m2!1s0x47e3b747afce456b%3A0x7de679b374db12e2!2sAvis%20Location%20Voiture%20-%20Nogent%20le%20Rotrou!5e0!3m2!1sfr!2sfr!4v1660230194901!5m2!1sfr!2sfr
Olivet;2;Olivet;45160;845 Rue de la Bergeresse;https://www.google.com/maps/embed?pb=!1m18!1m12!1m3!1d2677.5322751394224!2d1.9108892158106068!3d47.84865387921817!2m3!1f0!2f0!3f0!3m2!1i1024!2i768!4f13.1!3m3!1m2!1s0x47e4e41551f28811%3A0x3d613f0fab2ca194!2sLES%20GRANDES%20OCCASIONS.COM!5e0!3m2!1sfr!2sfr!4v1660918917925!5m2!1sfr!2sfr
Orléans Gare;1;Orleans;45000;Gare Sncf, Rue Saint-Yves;https://www.google.com/maps/embed?pb=!1m18!1m12!1m3!1d2674.477436174717!2d1.9025442158121313!3d47.907798775115154!2m3!1f0!2f0!3f0!3m2!1i1024!2i768!4f13.1!3m3!1m2!1s0x47e4fae3e8790dc5%3A0x21e647ef68e7f391!2sAvis%20Location%20Voiture%20-%20Gare%20Orl%C3%A9ans!5e0!3m2!1sfr!2sfr!4v1660918968178!5m2!1sfr!2sfr
Orleans Nord;1;Orleans;45400;91 AV ANDRE DESSAUX;https://www.google.com/maps/embed?pb=!1m18!1m12!1m3!1d2660.4543616680617!2d2.248973315819269!3d48.17859655628182!2m3!1f0!2f0!3f0!3m2!1i1024!2i768!4f13.1!3m3!1m2!1s0x47e5a50c3b2c41f3%3A0x6780d2ffaedb361b!2sAvis%20Location%20Voiture%20-%20Pithiviers!5e0!3m2!1sfr!2sfr!4v1660230228565!5m2!1sfr!2sfr
Pithiviers;3;Pithiviers;45303;AV DU 11 NOVEMBRE ST ELOI BP 323;https://www.google.com/maps/embed?pb=!1m18!1m12!1m3!1d2687.094862149084!2d2.627519815805771!3d47.663151992062645!2m3!1f0!2f0!3f0!3m2!1i1024!2i768!4f13.1!3m3!1m2!1s0x47e55e720745c03f%3A0x60529fa3ce0c149d!2sAvis%20Location%20Voiture%20-%20Poilly%20Lez%20Gien!5e0!3m2!1sfr!2sfr!4v1660230269744!5m2!1sfr!2sfr
Rambouillet;5;Rambouillet;78120;3 RUE DAGUERRE ZA DU PATIS;https://www.google.com/maps/embed?pb=!1m18!1m12!1m3!1d2635.757647602744!2d1.8471201158318309!3d48.65275132311747!2m3!1f0!2f0!3f0!3m2!1i1024!2i768!4f13.1!3m3!1m2!1s0x47e421827b684e63%3A0x833e4f43b65f9a91!2sAvis%20Location%20Voiture%20-%20Rambouillet!5e0!3m2!1sfr!2sfr!4v1660230291288!5m2!1sfr!2sfr
Romorantin;3;Romorantin;41200;Garage Montauger ZI de la bezardiere , Villefranche sur sere;https://www.google.com/maps/embed?pb=!1m18!1m12!1m3!1d2704.72224275486!2d1.758756515796804!3d47.319764515741234!2m3!1f0!2f0!3f0!3m2!1i1024!2i768!4f13.1!3m3!1m2!1s0x47fb311d6edbf165%3A0x8d3a9a3aaff1efed!2sAvis%20Location%20Voiture%20-%20Romorantin!5e0!3m2!1sfr!2sfr!4v1660230323920!5m2!1sfr!2sfr
Rungis;1;Rungis;94582;BD CIRCULAIRE FRUILEG 235;https://www.google.com/maps/embed?pb=!1m18!1m12!1m3!1d2629.9297563881887!2d2.3550284158347847!3d48.76413771529224!2m3!1f0!2f0!3f0!3m2!1i1024!2i768!4f13.1!3m3!1m2!1s0x47e677c651591111%3A0x8a809a3aafb2d2ac!2sAvis%20Location%20Voiture%20-%20Rungis!5e0!3m2!1sfr!2sfr!4v1660230352494!5m2!1sfr!2sfr
Sainville;4;Sainville;28700;Z.A du godeau;https://www.google.com/maps/embed?pb=!1m18!1m12!1m3!1d10639.433447469019!2d3.2689663438039704!3d48.19008042268796!2m3!1f0!2f0!3f0!3m2!1i1024!2i768!4f13.1!3m3!1m2!1s0x47ef05580f83b63d%3A0x10cd64e3f87ab3a8!2sAvis%20Location%20Voiture%20-%20Sens!5e0!3m2!1sfr!2sfr!4v1660230377997!5m2!1sfr!2sfr
Sens;1;Sens;89100;186 AV SENIGALIA;https://www.google.com/maps/embed?pb=!1m18!1m12!1m3!1d10716.259563869653!2d1.059326439550791!3d47.81895999999998!2m3!1f0!2f0!3f0!3m2!1i1024!2i768!4f13.1!3m3!1m2!1s0x47e36bcc74f19f9f%3A0x95429685eeaa5d56!2sAvis%20Location%20Voiture%20-%20Vend%C3%B4me!5e0!3m2!1sfr!2sfr!4v1660230418201!5m2!1sfr!2sfr
Troyes;5;La chapelle saint luc;10600;4 RUE BONNETIERES ZI;https://www.google.com/maps/embed?pb=!1m18!1m12!1m3!1d1075.1635499644156!2d2.0427123414082753!3d47.2314076!2m3!1f0!2f0!3f0!3m2!1i1024!2i768!4f13.1!3m3!1m2!1s0x47fad90b4befbaa7%3A0x2b3d13661b01fa81!2sAvis%20Location%20Voiture%20-%20Vierzon!5e0!3m2!1sfr!2sfr!4v1660230473261!5m2!1sfr!2sfr
Vendome;3;Vendome;41100;1 ALLEE DU BOIS DE L ORME;https://www.google.com/maps/embed?pb=!1m18!1m12!1m3!1d2633.705131961766!2d2.2211512158328652!3d48.692002020361585!2m3!1f0!2f0!3f0!3m2!1i1024!2i768!4f13.1!3m3!1m2!1s0x47e5d7d3871e7cc1%3A0x69e360e831f68a12!2sAvis%20Location%20Voiture%20-%20Villebon!5e0!3m2!1sfr!2sfr!4v1660230517070!5m2!1sfr!2sfr
Vierzon;3;Vierzon;18100;GARAGE VERDIN 58 AV JEAN JAURES;https://www.google.com/maps/embed?pb=!1m18!1m12!1m3!1d2743.650299775382!2d3.3384189174438474!3d46.55460410000001!2m3!1f0!2f0!3f0!3m2!1i1024!2i768!4f13.1!3m3!1m2!1s0x47f11c178a2eebc3%3A0xd6ddc5e5cdcbb814!2sGARAGE%20CHAPOTOT%20-!5e0!3m2!1sfr!2sfr!4v1660230593350!5m2!1sfr!2sfr
Villebon Sur Yvette;1;Villebon Sur Yvette;91140;7 RUE DU GRAND DOME;https://www.google.com/maps/embed?pb=!1m18!1m12!1m3!1d10524.918973354062!2d2.3073863697753905!3d48.73930800000001!2m3!1f0!2f0!3f0!3m2!1i1024!2i768!4f13.1!3m3!1m2!1s0x47e676feef7304fb%3A0x4e1cb092bbd92b5b!2s2%20Rue%20du%20Vaulorin%2C%2091320%20Wissous!5e0!3m2!1sfr!2sfr!4v1660819683701!5m2!1sfr!2sfr
Wissous CVO;2;Wissous;91320;4 rue du vaulorin;https://www.google.com/maps/embed?pb=!1m18!1m12!1m3!1d2631.231893872458!2d2.313469915834126!3d48.73926691704056!2m3!1f0!2f0!3f0!3m2!1i1024!2i768!4f13.1!3m3!1m2!1s0x47e676feef31fbf5%3A0x8b9f2a1a48be6083!2sLes%20Grandes%20Occasions.Com!5e0!3m2!1sfr!2sfr!4v1660919005985!5m2!1sfr!2sfr
Wissous Siège;4;Wissous;91320;2 rue du vaulorin;https://www.google.com/maps/embed?pb=!1m18!1m12!1m3!1d2631.229559235145!2d2.313952415834128!3d48.739311517037606!2m3!1f0!2f0!3f0!3m2!1i1024!2i768!4f13.1!3m3!1m2!1s0x47e676feef7304fb%3A0x4e1cb092bbd92b5b!2s2%20Rue%20du%20Vaulorin%2C%2091320%20Wissous!5e0!3m2!1sfr!2sfr!4v1660919042336!5m2!1sfr!2sfr
